시,생태구역
기장군,대한해협
부산시,대한해협
울주군,대한해협
의령군,대한해협
거창군,대한해협
고성군,대한해협
김해시,대한해협
사천시,대한해협
산청군,대한해협
양산시,대한해협
진주시,대한해협
창녕군,대한해협
창원시,대한해협
통영,대한해협
함안군,대한해협
합천군,대한해협
고령군,대한해협
영양군,동해
예천군,대한해협
전주시,서남해역
군산시,서남해역
익산시,서남해역
정읍시,서남해역
김제시,서남해역
완주군,서남해역
부안군,서남해역
여수,서남해역
광양시,서남해역
여수시,서남해역
고흥군,서남해역
구례군,서남해역
나주시,서남해역
무안군,서남해역
영광군,서남해역
영암군,서남해역
완도군,서남해역
장성,서남해역
장흥군,서남해역
함평군,서남해역
해남군,서남해역
화순군,서남해역
달서구,대한해협
달성군,대한해협
경주시,대한해협
구미시,대한해협
군위군,대한해협
봉화군,대한해협
상주시,대한해협
성주군,대한해협
안동시,대한해협
영천시,대한해협
청도군,대한해협
칠곡군,대한해협
포항시,동해
경산시,대한해협
청주시,서해중부
대덕구,서해중부
세종시,서해중부
증평군,서해중부
진천군,서해중부
옥천군,서해중부
천안시,서해중부
공주시,서해중부
보령시,서해중부
아산시,서해중부
서산시,서해중부
논산시,서해중부
당진시,서해중부
금산군,서해중부
부여군,서해중부
서천군,서해중부
청양군,서해중부
홍성군,서해중부
예산군,서해중부
인천시,서해중부
안성시,서해중부
포천시,서해중부
양주시,서해중부
평택시,서해중부
파주시,서해중부
화성시,서해중부
김포시,서해중부
연천군,서해중부
원주시,서해중부
강릉시,동해
동해시,동해
속초시,동해
홍천군,서해중부
횡성군,서해중부
영월군,서해중부
평창군,서해중부
정선군,서해중부
인제군,동해
양양군,동해
충주시,서해중부
괴산군,서해중부
음성군,서해중부
단양군,서해중부
통영시,대한해협
대전시,서해중부
장성군,서남해역
고성군(경남),대한해협
고성군(강원),동해
울산시,대한해협
함양군,대한해협
광양만권경제자유구역청,서해중부
대구시,대한해협
영덕군,동해
제주시,제주
서귀포시,제주
